container_id,attempt_id,container_no,creation_time,start_time,end_time,node,status
1458772472807_0025_01_000001,1458772472807_0025_000001,1,22:02:27,491,22:02:28,491,22:05:12,684,object3,SUCCESS
1458772472807_0025_01_000002,1458772472807_0025_000001,2,22:02:35,500,22:02:36,501,22:02:42,527,object3,SUCCESS
1458772472807_0025_01_000003,1458772472807_0025_000001,3,22:02:36,501,22:02:37,502,22:02:43,528,object3,SUCCESS
1458772472807_0025_01_000004,1458772472807_0025_000001,4,22:02:37,502,22:02:38,502,22:02:49,592,object3,SUCCESS
1458772472807_0025_01_000005,1458772472807_0025_000001,5,22:02:38,503,22:02:39,503,22:02:50,592,object3,SUCCESS
1458772472807_0025_01_000006,1458772472807_0025_000001,6,22:02:39,504,22:02:40,504,22:02:50,875,object3,SUCCESS
1458772472807_0025_01_000007,1458772472807_0025_000001,7,22:02:40,505,22:02:41,505,22:02:51,877,object3,SUCCESS
1458772472807_0025_01_000008,1458772472807_0025_000001,8,22:02:41,508,22:02:42,509,22:02:49,768,object5,SUCCESS
1458772472807_0025_01_000009,1458772472807_0025_000001,9,22:02:42,528,22:02:43,528,22:02:49,380,object3,SUCCESS
1458772472807_0025_01_000010,1458772472807_0025_000001,10,22:02:43,537,22:02:44,538,22:02:49,531,object8,SUCCESS
1458772472807_0025_01_000011,1458772472807_0025_000001,11,22:02:44,538,22:02:45,539,22:02:50,534,object8,SUCCESS
1458772472807_0025_01_000012,1458772472807_0025_000001,12,22:02:45,539,22:02:46,540,22:02:52,516,object8,SUCCESS
1458772472807_0025_01_000013,1458772472807_0025_000001,13,22:02:46,540,22:02:47,541,22:02:53,502,object8,SUCCESS
1458772472807_0025_01_000014,1458772472807_0025_000001,14,22:02:47,541,22:02:48,542,22:02:53,828,object8,SUCCESS
1458772472807_0025_01_000015,1458772472807_0025_000001,15,22:02:48,543,22:02:49,072,22:02:54,829,object8,SUCCESS
1458772472807_0025_01_000016,1458772472807_0025_000001,16,22:02:49,380,22:02:50,592,22:02:55,314,object3,SUCCESS
1458772472807_0025_01_000017,1458772472807_0025_000001,17,22:02:49,768,22:02:50,769,22:02:53,875,object5,SUCCESS
1458772472807_0025_01_000018,1458772472807_0025_000001,18,22:02:50,668,22:02:51,877,22:02:56,135,object3,SUCCESS
1458772472807_0025_01_000019,1458772472807_0025_000001,19,22:02:51,508,22:02:52,516,22:04:40,524,object8,SUCCESS
1458772472807_0025_01_000020,1458772472807_0025_000001,20,22:02:51,518,22:02:52,519,22:04:40,524,object6,SUCCESS
1458772472807_0025_01_000021,1458772472807_0025_000001,21,22:02:51,877,22:02:52,884,22:02:57,136,object3,SUCCESS
1458772472807_0025_01_000022,1458772472807_0025_000001,22,22:02:52,771,22:02:53,875,22:02:57,036,object5,SUCCESS
1458772472807_0025_01_000023,1458772472807_0025_000001,23,22:02:53,503,22:02:54,829,22:04:26,749,object8,SUCCESS
1458772472807_0025_01_000024,1458772472807_0025_000001,24,22:02:53,828,22:02:54,829,22:02:58,758,object8,SUCCESS
1458772472807_0025_01_000025,1458772472807_0025_000001,25,22:02:54,655,22:02:55,656,22:02:59,490,object1,SUCCESS
1458772472807_0025_01_000026,1458772472807_0025_000001,26,22:02:55,314,22:02:56,135,22:04:40,500,object3,SUCCESS
1458772472807_0025_01_000027,1458772472807_0025_000001,27,22:02:55,656,22:02:56,657,22:03:00,491,object1,SUCCESS
1458772472807_0025_01_000028,1458772472807_0025_000001,28,22:02:56,601,22:02:57,602,22:03:01,464,object7,SUCCESS
1458772472807_0025_01_000029,1458772472807_0025_000001,29,22:02:57,603,22:02:58,603,22:03:02,466,object7,SUCCESS
1458772472807_0025_01_000030,1458772472807_0025_000001,30,22:02:58,037,22:03:00,039,22:04:26,814,object5,SUCCESS
1458772472807_0025_01_000031,1458772472807_0025_000001,31,22:02:58,662,22:02:59,490,22:03:03,323,object1,SUCCESS
1458772472807_0025_01_000032,1458772472807_0025_000001,32,22:02:59,533,22:03:00,533,22:03:04,015,object6,SUCCESS
1458772472807_0025_01_000033,1458772472807_0025_000001,33,22:03:00,492,22:03:01,493,22:03:05,218,object1,SUCCESS
1458772472807_0025_01_000034,1458772472807_0025_000001,34,22:03:01,141,22:03:02,142,22:04:40,500,object3,SUCCESS
1458772472807_0025_01_000035,1458772472807_0025_000001,35,22:03:01,535,22:03:02,536,22:03:06,114,object6,SUCCESS
1458772472807_0025_01_000036,1458772472807_0025_000001,36,22:03:02,536,22:03:04,015,22:03:07,123,object6,SUCCESS
1458772472807_0025_01_000037,1458772472807_0025_000001,37,22:03:03,467,22:03:04,468,22:03:08,113,object7,SUCCESS
1458772472807_0025_01_000038,1458772472807_0025_000001,38,22:03:04,145,22:03:05,146,22:04:40,500,object3,SUCCESS
1458772472807_0025_01_000039,1458772472807_0025_000001,39,22:03:04,766,22:03:05,767,22:03:09,572,object8,SUCCESS
1458772472807_0025_01_000040,1458772472807_0025_000001,40,22:03:05,767,22:03:06,771,22:03:10,605,object8,SUCCESS
1458772472807_0025_01_000041,1458772472807_0025_000001,41,22:03:06,773,22:03:07,775,22:03:11,607,object8,SUCCESS
1458772472807_0025_01_000042,1458772472807_0025_000001,42,22:03:08,047,22:03:09,048,22:03:11,971,object5,SUCCESS
1458772472807_0025_01_000043,1458772472807_0025_000001,43,22:03:09,114,22:03:10,115,22:04:39,479,object7,SUCCESS
1458772472807_0025_01_000044,1458772472807_0025_000001,44,22:03:09,125,22:03:10,133,22:03:14,383,object6,SUCCESS
1458772472807_0025_01_000045,1458772472807_0025_000001,45,22:03:10,133,22:03:11,138,22:03:15,510,object6,SUCCESS
1458772472807_0025_01_000046,1458772472807_0025_000001,46,22:03:11,227,22:03:12,228,22:03:16,365,object1,SUCCESS
1458772472807_0025_01_000047,1458772472807_0025_000001,47,22:03:12,118,22:03:14,127,22:04:40,481,object7,SUCCESS
1458772472807_0025_01_000048,1458772472807_0025_000001,48,22:03:12,972,22:03:13,973,22:03:17,878,object5,SUCCESS
1458772472807_0025_01_000049,1458772472807_0025_000001,49,22:03:13,973,22:03:14,974,22:03:19,681,object5,SUCCESS
1458772472807_0025_01_000050,1458772472807_0025_000001,50,22:03:14,975,22:03:15,975,22:03:20,103,object5,SUCCESS
1458772472807_0025_01_000051,1458772472807_0025_000001,51,22:03:15,975,22:03:16,872,22:03:21,104,object5,SUCCESS
1458772472807_0025_01_000052,1458772472807_0025_000001,52,22:03:17,130,22:03:19,133,22:03:22,488,object7,SUCCESS
1458772472807_0025_01_000053,1458772472807_0025_000001,53,22:03:18,131,22:03:20,134,22:04:26,749,object7,SUCCESS
1458772472807_0025_01_000054,1458772472807_0025_000001,54,22:03:18,514,22:03:19,515,22:03:23,032,object6,SUCCESS
1458772472807_0025_01_000055,1458772472807_0025_000001,55,22:03:19,616,22:03:20,616,22:03:24,769,object8,SUCCESS
1458772472807_0025_01_000056,1458772472807_0025_000001,56,22:03:20,617,22:03:21,618,22:03:26,047,object8,SUCCESS
1458772472807_0025_01_000057,1458772472807_0025_000001,57,22:03:21,619,22:03:22,620,22:03:27,086,object8,SUCCESS
1458772472807_0025_01_000058,1458772472807_0025_000001,58,22:03:23,033,22:03:24,033,22:03:27,167,object6,SUCCESS
1458772472807_0025_01_000059,1458772472807_0025_000001,59,22:03:23,374,22:03:24,375,22:04:26,631,object1,SUCCESS
1458772472807_0025_01_000060,1458772472807_0025_000001,60,22:03:24,106,22:03:25,107,22:03:28,674,object5,SUCCESS
1458772472807_0025_01_000061,1458772472807_0025_000001,61,22:03:25,107,22:03:26,108,22:03:29,976,object5,SUCCESS
1458772472807_0025_01_000062,1458772472807_0025_000001,62,22:03:26,108,22:03:27,109,22:03:31,001,object5,SUCCESS
1458772472807_0025_01_000063,1458772472807_0025_000001,63,22:03:27,167,22:03:29,168,22:04:40,523,object6,SUCCESS
1458772472807_0025_01_000064,1458772472807_0025_000001,64,22:03:27,379,22:03:28,381,22:03:32,536,object1,SUCCESS
1458772472807_0025_01_000065,1458772472807_0025_000001,65,22:03:28,494,22:03:29,495,22:03:33,518,object7,SUCCESS
1458772472807_0025_01_000066,1458772472807_0025_000001,66,22:03:29,495,22:03:30,496,22:03:34,676,object7,SUCCESS
1458772472807_0025_01_000067,1458772472807_0025_000001,67,22:03:31,091,22:03:32,092,22:03:42,364,object8,SUCCESS
1458772472807_0025_01_000068,1458772472807_0025_000001,68,22:03:32,171,22:03:33,172,22:03:42,521,object6,SUCCESS
1458772472807_0025_01_000069,1458772472807_0025_000001,69,22:03:33,538,22:03:34,539,22:03:43,595,object1,SUCCESS
1458772472807_0025_01_000070,1458772472807_0025_000001,70,22:03:34,677,22:03:35,678,22:03:44,987,object7,SUCCESS
1458772472807_0025_01_000071,1458772472807_0025_000001,71,22:03:36,007,22:03:41,017,22:03:45,413,object5,SUCCESS
1458772472807_0025_01_000072,1458772472807_0025_000001,72,22:03:37,096,22:03:38,101,22:03:43,480,object8,SUCCESS
1458772472807_0025_01_000073,1458772472807_0025_000001,73,22:03:38,544,22:03:41,547,22:03:46,622,object1,SUCCESS
1458772472807_0025_01_000074,1458772472807_0025_000001,74,22:03:40,546,22:03:41,547,22:03:46,622,object1,SUCCESS
1458772472807_0025_01_000075,1458772472807_0025_000001,75,22:03:41,520,22:03:42,520,22:03:46,710,object6,SUCCESS
1458772472807_0025_01_000076,1458772472807_0025_000001,76,22:03:42,521,22:03:43,521,22:03:47,907,object6,SUCCESS
1458772472807_0025_01_000077,1458772472807_0025_000001,77,22:03:43,521,22:03:44,522,22:03:49,063,object6,SUCCESS
1458772472807_0025_01_000078,1458772472807_0025_000001,78,22:03:44,481,22:03:45,483,22:03:49,345,object8,SUCCESS
1458772472807_0025_01_000079,1458772472807_0025_000001,79,22:03:45,524,22:03:46,710,22:03:50,556,object6,SUCCESS
1458772472807_0025_01_000080,1458772472807_0025_000001,80,22:03:46,622,22:03:47,623,22:03:52,262,object1,SUCCESS
1458772472807_0025_01_000081,1458772472807_0025_000001,81,22:03:47,623,22:03:48,624,22:03:53,412,object1,SUCCESS
1458772472807_0025_01_000082,1458772472807_0025_000001,82,22:03:48,624,22:03:49,625,22:04:26,632,object1,SUCCESS
1458772472807_0025_01_000083,1458772472807_0025_000001,83,22:03:48,993,22:03:49,994,22:03:53,768,object7,SUCCESS
1458772472807_0025_01_000084,1458772472807_0025_000001,84,22:03:49,994,22:03:50,995,22:03:54,792,object7,SUCCESS
1458772472807_0025_01_000085,1458772472807_0025_000001,85,22:03:50,556,22:03:51,557,22:04:40,523,object6,SUCCESS
1458772472807_0025_01_000086,1458772472807_0025_000001,86,22:03:51,558,22:03:52,558,22:03:56,730,object6,SUCCESS
1458772472807_0025_01_000087,1458772472807_0025_000001,87,22:03:53,349,22:03:54,350,22:03:57,753,object8,SUCCESS
1458772472807_0025_01_000088,1458772472807_0025_000001,88,22:03:54,350,22:03:55,351,22:03:58,806,object8,SUCCESS
1458772472807_0025_01_000089,1458772472807_0025_000001,89,22:03:55,414,22:03:56,423,22:04:00,069,object1,SUCCESS
1458772472807_0025_01_000090,1458772472807_0025_000001,90,22:03:56,423,22:03:57,424,22:04:01,222,object1,SUCCESS
1458772472807_0025_01_000091,1458772472807_0025_000001,91,22:03:57,429,22:03:58,430,22:04:01,857,object5,SUCCESS
1458772472807_0025_01_000092,1458772472807_0025_000001,92,22:03:58,430,22:03:59,431,22:04:02,978,object5,SUCCESS
1458772472807_0025_01_000093,1458772472807_0025_000001,93,22:03:59,733,22:04:00,734,22:04:04,866,object6,SUCCESS
1458772472807_0025_01_000094,1458772472807_0025_000001,94,22:04:00,734,22:04:01,735,22:04:06,032,object6,SUCCESS
1458772472807_0025_01_000095,1458772472807_0025_000001,95,22:04:01,858,22:04:02,978,22:04:06,777,object5,SUCCESS
1458772472807_0025_01_000096,1458772472807_0025_000001,96,22:04:03,225,22:04:04,227,22:04:07,992,object1,SUCCESS
1458772472807_0025_01_000097,1458772472807_0025_000001,97,22:04:04,805,22:04:05,806,22:04:09,844,object7,SUCCESS
1458772472807_0025_01_000098,1458772472807_0025_000001,98,22:04:04,814,22:04:05,815,22:04:09,691,object8,SUCCESS
1458772472807_0025_01_000099,1458772472807_0025_000001,99,22:04:05,228,22:04:06,229,22:04:10,038,object1,SUCCESS
1458772472807_0025_01_000100,1458772472807_0025_000001,100,22:04:05,775,22:04:06,777,22:04:10,608,object5,SUCCESS
1458772472807_0025_01_000101,1458772472807_0025_000001,101,22:04:05,806,22:04:06,807,22:04:10,940,object7,SUCCESS
1458772472807_0025_01_000102,1458772472807_0025_000001,102,22:04:06,816,22:04:07,817,22:04:11,637,object8,SUCCESS
1458772472807_0025_01_000103,1458772472807_0025_000001,103,22:04:06,993,22:04:07,991,22:04:12,626,object1,SUCCESS
1458772472807_0025_01_000104,1458772472807_0025_000001,104,22:04:07,033,22:04:08,034,22:04:11,999,object6,SUCCESS
1458772472807_0025_01_000105,1458772472807_0025_000001,105,22:04:07,992,22:04:08,993,22:04:13,708,object1,SUCCESS
1458772472807_0025_01_000106,1458772472807_0025_000001,106,22:04:08,034,22:04:09,035,22:04:13,154,object6,SUCCESS
1458772472807_0025_01_000107,1458772472807_0025_000001,107,22:04:08,690,22:04:09,691,22:04:14,035,object8,SUCCESS
1458772472807_0025_01_000108,1458772472807_0025_000001,108,22:04:08,779,22:04:09,607,22:04:13,975,object5,SUCCESS
1458772472807_0025_01_000109,1458772472807_0025_000001,109,22:04:09,037,22:04:10,037,22:04:14,711,object1,SUCCESS
1458772472807_0025_01_000110,1458772472807_0025_000001,110,22:04:09,607,22:04:10,608,22:04:15,072,object5,SUCCESS
1458772472807_0025_01_000111,1458772472807_0025_000001,111,22:04:09,692,22:04:10,692,22:04:15,059,object8,SUCCESS
1458772472807_0025_01_000112,1458772472807_0025_000001,112,22:04:09,844,22:04:10,940,22:04:14,479,object7,SUCCESS
1458772472807_0025_01_000113,1458772472807_0025_000001,113,22:04:10,038,0,22:04:11,558,object1,SUCCESS
1458772472807_0025_01_000114,1458772472807_0025_000001,114,22:04:10,692,22:04:11,637,22:04:12,638,object8,SUCCESS
1458772472807_0025_01_000115,1458772472807_0025_000001,115,22:04:10,940,0,22:04:12,564,object7,SUCCESS
1458772472807_0025_01_000116,1458772472807_0025_000001,116,22:04:11,609,0,22:04:13,567,object5,SUCCESS
1458772472807_0025_01_000117,1458772472807_0025_000001,117,22:04:40,834,22:04:41,835,22:04:50,679,object5,SUCCESS
1458772472807_0025_01_000118,1458772472807_0025_000001,118,22:04:41,482,22:04:42,483,22:04:50,676,object7,SUCCESS
1458772472807_0025_01_000119,1458772472807_0025_000001,119,22:04:41,505,22:04:42,506,22:04:50,657,object3,SUCCESS
1458772472807_0025_01_000120,1458772472807_0025_000001,120,22:04:45,841,22:04:46,841,22:04:50,678,object5,SUCCESS
